<?xml version="1.0" encoding="utf-8" ?>
<languages>

  <language name="English" id="en">

    <groups>
      <basicelements>Basic Elements</basicelements>
    </groups>

    <enums>
      <episerver>
        <forms>
          <samples>
            <criteria>
              <submissionstatus>
                <hassubmitted>Has submitted</hassubmitted>
                <hasnotsubmitted>Has not submitted</hasnotsubmitted>
              </submissionstatus>

              <fieldvaluecomparecondition>
                <equals>equals</equals>
                <notequals>not equal to</notequals>
                <contains>contains</contains>
                <notcontains>does not contain</notcontains>
              </fieldvaluecomparecondition>
            </criteria>
          </samples>
        </forms>
      </episerver>
    </enums>

    <episerver>
      <forms>
        <samples>
          <criteria>
            <formcriterion>
              <category>Episerver Forms</category>
              <displayname>Submitted Form</displayname>
              <description>Checks for form submission by the visitor.</description>
              <submissionstatus>Submission status</submissionstatus>
              <selectedform>Selected form</selectedform>
            </formcriterion>

            <submittedvaluecriterion>
              <category>Episerver Forms</category>
              <displayname>Submitted Form Value</displayname>
              <description>Checks for form submission value by the visitor.</description>
              <selectedform>Selected form</selectedform>
              <selectedfield>Selected field</selectedfield>
              <condition>Condition</condition>
              <value>Value</value>
            </submittedvaluecriterion>
          </criteria>

          <datetimepickertype>
            <datepicker>Date picker</datepicker>
            <timepicker>Time picker</timepicker>
            <datetimepicker>Date time picker</datetimepicker>
          </datetimepickertype>

          <confirmationdialog>
            <title>Summary</title>
            <buttons>
              <ok>OK</ok>
              <cancel>Cancel</cancel>
            </buttons>
          </confirmationdialog>

          <editview>
            <requirejsReCAPTCHA>JavaScript is required to display reCAPTCHA.</requirejsReCAPTCHA>
            <requirejsHcaptcha>JavaScript is required to display hCAPTCHA.</requirejsHcaptcha>
          </editview>
          <messages>
            <imagesubmitbutton>
              <initializationmessage>This is an image submit button. Please, choose an image for it.</initializationmessage>
            </imagesubmitbutton>
          </messages>
        </samples>
        <viewmode>
          <addresselement>
            <addresslabel>Address</addresslabel>
            <streetlabel>Street</streetlabel>
            <citylabel>City</citylabel>
            <statelabel>State</statelabel>
            <postallabel>Postal Code</postallabel>
            <countrylabel>Country</countrylabel>
          </addresselement>          
        </viewmode>
        <validators>
          <episerver.forms.samples.implementation.validation.datetimevalidator>
            <displayname>Datetime validator</displayname>
            <message>Enter a valid date time in {0} hh:mm format.</message>
          </episerver.forms.samples.implementation.validation.datetimevalidator>
          <episerver.forms.samples.implementation.validation.datevalidator>
            <displayname>Date validator</displayname>
            <message>Enter a valid date in {0} format.</message>
          </episerver.forms.samples.implementation.validation.datevalidator>
          <episerver.forms.samples.implementation.validation.timevalidator>
            <displayname>Time validator</displayname>
            <message>Enter a valid time, e.g. 10:20 AM.</message>
          </episerver.forms.samples.implementation.validation.timevalidator>
          <episerver.forms.samples.implementation.validation.recaptchavalidator>
            <displayname>Recaptcha validator</displayname>
            <message>Invalid reCAPTCHA value, please try again.</message>
          </episerver.forms.samples.implementation.validation.recaptchavalidator>
            <episerver.forms.samples.implementation.validation.hcaptchavalidator>
                <displayname>Hcaptcha validator</displayname>
                <message>Invalid hCAPTCHA value, please try again.</message>
            </episerver.forms.samples.implementation.validation.hcaptchavalidator>
          <episerver.forms.implementation.validation.datetimerangevalidator>
            <displayname>Date time range</displayname>
            <message>Enter a valid date time range.</message>
          </episerver.forms.implementation.validation.datetimerangevalidator>
          <episerver.forms.implementation.validation.addressvalidator>
            <displayname>Address</displayname>
            <message>Enter a valid address.</message>
          </episerver.forms.implementation.validation.addressvalidator>
        </validators>
      </forms>
    </episerver>
    <contenttypes>
      <datetimeelementblock>
        <name>Date time</name>
        <description></description>
        <newitemdefaultname>New date time</newitemdefaultname>
        <properties>
          
          <description>
            <caption>Tooltip</caption>
            <help>Displays as a tooltip or help text of an element.</help>
          </description>
          <pickertype>
            <caption>Picker type</caption>
            <help>Select picker type for the property.</help>
          </pickertype>
        </properties>
      </datetimeelementblock>
      <recaptchaelementblock>
        <name>reCAPTCHA</name>
        <description></description>
        <newitemdefaultname>New reCAPTCHA</newitemdefaultname>
        <properties>
          <sitekey>
            <caption>Site key</caption>
            <help>Enter site key for reCAPTCHA.</help>
          </sitekey>
          <secretkey>
            <caption>Secret key</caption>
            <help>The shared key between your site and reCAPTCHA.</help>
          </secretkey>
          <scorethreshold>
            <caption> Score Threshold</caption>
            <help>The score threshold for reCAPTCHA.</help>
          </scorethreshold>
        </properties>
      </recaptchaelementblock>
      <hcaptchaelementblock>
        <name>hCAPTCHA</name>
        <description></description>
        <newitemdefaultname>New hCAPTCHA</newitemdefaultname>
        <properties>
          <sitekey>
            <caption>Site key</caption>
            <help>Enter site key for hCAPTCHA.</help>
          </sitekey>
          <secretkey>
            <caption>Secret key</caption>
            <help>The shared key between your site and hCAPTCHA.</help>
          </secretkey>
          <scorethreshold>
            <caption> Score Threshold</caption>
            <help>The score threshold for hCAPTCHA.</help>
          </scorethreshold>
        </properties>
      </hcaptchaelementblock>
      <datetimerangeelementblock>
        <name>Date time range</name>
        <description></description>
        <newitemdefaultname>New date time range</newitemdefaultname>
        <start>Start</start>
        <end>End</end>
        <properties>

          <description>
            <caption>Tooltip</caption>
            <help>Displays as a tooltip or help text of an element.</help>
          </description>

          <pickertype>
            <caption>Picker type</caption>
            <help>Select picker type for the property.</help>
          </pickertype>
        </properties>
      </datetimerangeelementblock>
      <addresseselementblock>
        <name>Address</name>
        <description></description>
        <newitemdefaultname>New Address</newitemdefaultname>
        <properties>
          <description>
            <caption>Tooltip</caption>
            <help>Displays as a tooltip or help text of an element.</help>
          </description>
        <apikey>
            <caption>Client API Key</caption>
            <help>Enter client api key from your google cloud console.</help>
        </apikey>
          <mapwidth>
            <caption>Map width</caption>
            <help>The with of the map associated with the element.</help>
          </mapwidth>
          <mapheight>
            <caption>Map height</caption>
            <help>The height of the map associated with the element.</help>
          </mapheight>
          <addresslabel>
            <caption>Detail Address</caption>
            <help></help>
          </addresslabel>
          <streetlabel>
            <caption>Street Label</caption>
            <help></help>
          </streetlabel>
          <citylabel>
            <caption>City Label</caption>
            <help></help>
          </citylabel>
          <statelabel>
            <caption>State Label</caption>
            <help></help>
          </statelabel>
          <postalLabel>
            <caption>Postal Label</caption>
            <help></help>
          </postalLabel>
          <countrylabel>
            <caption>Country Label</caption>
            <help></help>
          </countrylabel>
        </properties>
      </addresseselementblock>
    </contenttypes>
  </language>
</languages>