<?xml version="1.0" encoding="utf-8" ?>
<languages>

  <language name="Italiano" id="it">

    <groups>
      <basicelements>Elementi Base</basicelements>
    </groups>

    <enums>
      <episerver>
        <forms>
          <samples>
            <criteria>
              <submissionstatus>
                <hassubmitted>Ha inviato</hassubmitted>
                <hasnotsubmitted>Non ha inviato</hasnotsubmitted>
              </submissionstatus>

              <fieldvaluecomparecondition>
                <equals>uguale a</equals>
                <notequals>non uguale a</notequals>
                <contains>contiene</contains>
                <notcontains>non contiene</notcontains>
              </fieldvaluecomparecondition>
            </criteria>
          </samples>
        </forms>
      </episerver>
    </enums>

    <episerver>
      <forms>
        <samples>
          <criteria>
            <formcriterion>
              <category>Moduli Episerver</category>
              <displayname>Modulo inviato</displayname>
              <description>Verifiche per l'invio del modulo da parte del visitatore.</description>
              <submissionstatus>Stato di invio</submissionstatus>
              <selectedform>Modulo selezionato</selectedform>
            </formcriterion>

            <submittedvaluecriterion>
              <category>Moduli Episerver</category>
              <displayname>Valore modulo inviato</displayname>
              <description>Verifiche per l'invio valore del modulo da parte del visitatore.</description>
              <selectedform>Modulo selezionato</selectedform>
              <selectedfield>Campo selezionato</selectedfield>
              <condition>Condizione</condition>
              <value>Valore</value>
            </submittedvaluecriterion>
          </criteria>

          <datetimepickertype>
            <datepicker>Selezione data</datepicker>
            <timepicker>Selezione ora</timepicker>
            <datetimepicker>Selezione data/ora</datetimepicker>
          </datetimepickertype>

          <confirmationdialog>
            <title>Sommario</title>
            <buttons>
              <ok>OK</ok>
              <cancel>Annulla</cancel>
            </buttons>
          </confirmationdialog>

          <editview>
            <requirejs>Per visualizzare reCAPTCHA è necessario JavaScript.</requirejs>
          </editview>
          <messages>
            <imagesubmitbutton>
              <initializationmessage>Questo è un pulsante di invio immagine. Seleziona un’immagine per questo.</initializationmessage>
            </imagesubmitbutton>
          </messages>
        </samples>
        <viewmode>
          <addresselement>
            <addresslabel>Indirizzo</addresslabel>
            <streetlabel>Via</streetlabel>
            <citylabel>Città</citylabel>
            <statelabel>Stato</statelabel>
            <postallabel>Codice postale</postallabel>
            <countrylabel>Paese</countrylabel>
          </addresselement>
        </viewmode>
        <validators>
          <episerver.forms.samples.implementation.validation.datetimevalidator>
            <displayname>Validatore data/ora</displayname>
            <message>Inserisce una data/ora corretta nel {0} formato hh:mm.</message>
          </episerver.forms.samples.implementation.validation.datetimevalidator>
          <episerver.forms.samples.implementation.validation.datevalidator>
            <displayname>Validatore data</displayname>
            <message>Inserisci una data corretta nel formato {0}.</message>
          </episerver.forms.samples.implementation.validation.datevalidator>
          <episerver.forms.samples.implementation.validation.timevalidator>
            <displayname>Validatore ora</displayname>
            <message>Inserisci un'ora corretta, ad es. 10:20 AM.</message>
          </episerver.forms.samples.implementation.validation.timevalidator>
          <episerver.forms.samples.implementation.validation.recaptchavalidator>
            <displayname>Validatore Recaptcha</displayname>
            <message>Valore captcha non valido.</message>
          </episerver.forms.samples.implementation.validation.recaptchavalidator>
          <episerver.forms.implementation.validation.datetimerangevalidator>
            <displayname>Intervallo di date</displayname>
            <message>Inserisci un intervallo di date valido.</message>
          </episerver.forms.implementation.validation.datetimerangevalidator>
          <episerver.forms.implementation.validation.addressvalidator>
            <displayname>Indirizzo</displayname>
            <message>Inserisci un indirizzo valido.</message>
          </episerver.forms.implementation.validation.addressvalidator>
        </validators>
      </forms>
    </episerver>
    <contenttypes>
      <datetimeelementblock>
        <name>Data/ora</name>
        <description></description>
        <newitemdefaultname>Nuova data/ora</newitemdefaultname>
        <properties>

          <description>
            <caption>Suggerimento</caption>
            <help>Visualizza come suggerimento o testo di aiuto di un elemento.</help>
          </description>

          <pickertype>
            <caption>Tipo di raccoglitore</caption>
            <help>Seleziona il tipo di selettore  per la proprietà.</help>
          </pickertype>
        </properties>
      </datetimeelementblock>
      <recaptchaelementblock>
        <name>reCAPTCHA</name>
        <description></description>
        <newitemdefaultname>Nuovo reCAPTCHA</newitemdefaultname>
        <properties>
          <sitekey>
            <caption>Chiave sito</caption>
            <help>Inserisci la chiave per reCAPTCHA.</help>
          </sitekey>
          <secretkey>
            <caption>Chiave segreta</caption>
            <help>La chiave condivisa tra il tuo sito e reCAPTCHA.</help>
          </secretkey>
        </properties>
      </recaptchaelementblock>
      <datetimerangeelementblock>
        <name>Intervallo di date</name>
        <description></description>
        <newitemdefaultname>Nuovo intervallo di date</newitemdefaultname>
        <start>Avvia</start>
        <end>Finisci</end>
        <properties>

          <description>
            <caption>Suggerimento</caption>
            <help>Visualizza come suggerimento o testo di aiuto di un elemento.</help>
          </description>

          <pickertype>
            <caption>Tipo di raccoglitore</caption>
            <help>Seleziona il tipo di raccoglitore per la proprietà.</help>
          </pickertype>
        </properties>
      </datetimerangeelementblock>
      <addresseselementblock>
        <name>Indirizzo</name>
        <description></description>
        <newitemdefaultname>Nuovo indirizzo</newitemdefaultname>
        <properties>

          <description>
            <caption>Suggerimento</caption>
            <help>Visualizza come suggerimento o testo di aiuto di un elemento.</help>
          </description>

          <mapwidth>
            <caption>Ampiezza della mappa</caption>
            <help>Ampiezza della mappa associata all’elemento.</help>
          </mapwidth>
          <mapheight>
            <caption>Altezza della mappa</caption>
            <help>Altezza della mappa associata all’elemento.</help>
          </mapheight>
          <addresslabel>
            <caption>Dettagli dell’indirizzo</caption>
            <help></help>
          </addresslabel>
          <streetlabel>
            <caption>Etichetta della via</caption>
            <help></help>
          </streetlabel>
          <citylabel>
            <caption>Etichetta della città</caption>
            <help></help>
          </citylabel>
          <statelabel>
            <caption>Etichetta dello stato</caption>
            <help></help>
          </statelabel>
          <postalLabel>
            <caption>Etichetta del codice postale</caption>
            <help></help>
          </postalLabel>
          <countrylabel>
            <caption>Etichetta del paese</caption>
            <help></help>
          </countrylabel>
        </properties>
      </addresseselementblock>
    </contenttypes>
  </language>
</languages>