<?xml version="1.0" encoding="utf-8" ?>
<languages>

  <language name="日本語 (Japanese)" id="ja">

    <groups>
      <basicelements>基本要素</basicelements>
    </groups>

    <enums>
      <episerver>
        <forms>
          <samples>
            <criteria>
              <submissionstatus>
                <hassubmitted>送信済み</hassubmitted>
                <hasnotsubmitted>未送信</hasnotsubmitted>
              </submissionstatus>

              <fieldvaluecomparecondition>
                <equals>次と等しい</equals>
                <notequals>次と等しくない</notequals>
                <contains>次を含む</contains>
                <notcontains>次を含まない</notcontains>
              </fieldvaluecomparecondition>
            </criteria>
          </samples>
        </forms>
      </episerver>
    </enums>

    <episerver>
      <forms>
        <samples>
          <criteria>
            <formcriterion>
              <category>Episerverフォーム</category>
              <displayname>送信済みフォーム</displayname>
              <description>訪問者によるフォームの送信状態を確認します。</description>
              <submissionstatus>送信ステータス</submissionstatus>
              <selectedform>選択されたフォーム</selectedform>
            </formcriterion>

            <submittedvaluecriterion>
              <category>Episerverフォーム</category>
              <displayname>送信済みフォーム値</displayname>
              <description>訪問者によるフォーム送信値を確認します。</description>
              <selectedform>選択されたフォーム</selectedform>
              <selectedfield>選択されたフィールド</selectedfield>
              <condition>条件</condition>
              <value>値</value>
            </submittedvaluecriterion>
          </criteria>

          <datetimepickertype>
            <datepicker>日付ピッカー</datepicker>
            <timepicker>時刻ピッカー</timepicker>
            <datetimepicker>日時ピッカー</datetimepicker>
          </datetimepickertype>

          <confirmationdialog>
            <title>サマリー</title>
            <buttons>
              <ok>OK</ok>
              <cancel>キャンセル</cancel>
            </buttons>
          </confirmationdialog>

          <editview>
            <requirejs>reCAPTCHAを表示するには、JavaScriptが必要です。</requirejs>
          </editview>
          <messages>
            <imagesubmitbutton>
              <initializationmessage>これは画像送信ボタンです。画像を選択してください。</initializationmessage>
            </imagesubmitbutton>
          </messages>
        </samples>
        <viewmode>
          <addresselement>
            <addresslabel>住所</addresslabel>
            <streetlabel>番地</streetlabel>
            <citylabel>市町村</citylabel>
            <statelabel>都道府県</statelabel>
            <postallabel>郵便番号</postallabel>
            <countrylabel>国</countrylabel>
          </addresselement>
        </viewmode>
        <validators>
          <episerver.forms.samples.implementation.validation.datetimevalidator>
            <displayname>日時検証ツール</displayname>
            <message>有効な日付と時刻を{0} hh:mmフォーマットで入力してください。</message>
          </episerver.forms.samples.implementation.validation.datetimevalidator>
          <episerver.forms.samples.implementation.validation.datevalidator>
            <displayname>日付検証ツール</displayname>
            <message>有効な日付を{0}フォーマットで入力してください。</message>
          </episerver.forms.samples.implementation.validation.datevalidator>
          <episerver.forms.samples.implementation.validation.timevalidator>
            <displayname>時刻検証ツール</displayname>
            <message>午前10:20など、有効な時刻を入力してください。</message>
          </episerver.forms.samples.implementation.validation.timevalidator>
          <episerver.forms.samples.implementation.validation.recaptchavalidator>
            <displayname>再キャプチャ検証ツール</displayname>
            <message>無効なキャプチャ値。</message>
          </episerver.forms.samples.implementation.validation.recaptchavalidator>
          <episerver.forms.implementation.validation.datetimerangevalidator>
            <displayname>日付と時刻の範囲</displayname>
            <message>有効な日付と時刻の範囲を入力してください。</message>
          </episerver.forms.implementation.validation.datetimerangevalidator>
          <episerver.forms.implementation.validation.addressvalidator>
            <displayname>住所</displayname>
            <message>有効な住所を入力してください。</message>
          </episerver.forms.implementation.validation.addressvalidator>
        </validators>
      </forms>
    </episerver>
    <contenttypes>
      <datetimeelementblock>
        <name>日時</name>
        <description></description>
        <newitemdefaultname>新しい日時</newitemdefaultname>
        <properties>

          <description>
            <caption>ツールチップ</caption>
            <help>要素のツールチップまたはヘルプテキストとして表示。</help>
          </description>

          <pickertype>
            <caption>ピッカーのタイプ</caption>
            <help>プロパティのピッカーのタイプを選択してください。</help>
          </pickertype>
        </properties>
      </datetimeelementblock>
      <recaptchaelementblock>
        <name>reCAPTCHA</name>
        <description></description>
        <newitemdefaultname>新しいreCAPTCHA</newitemdefaultname>
        <properties>
          <sitekey>
            <caption>サイトキー</caption>
            <help>reCAPTCHAのサイトキーを入力してください。</help>
          </sitekey>
          <secretkey>
            <caption>シークレットキー</caption>
            <help>あなたのサイトとreCAPTCHAとの共有キー。</help>
          </secretkey>
        </properties>
      </recaptchaelementblock>
      <datetimerangeelementblock>
        <name>日付と時刻の範囲</name>
        <description></description>
        <newitemdefaultname>新しい日付と時刻の範囲</newitemdefaultname>
        <start>開始</start>
        <end>終了</end>
        <properties>

          <description>
            <caption>ツールチップ</caption>
            <help>要素のツールチップまたはヘルプテキストとして表示。</help>
          </description>

          <pickertype>
            <caption>ピッカーのタイプ</caption>
            <help>プロパティのピッカーのタイプを選択してください。</help>
          </pickertype>
        </properties>
      </datetimerangeelementblock>
      <addresseselementblock>
        <name>住所</name>
        <description></description>
        <newitemdefaultname>新しい住所</newitemdefaultname>
        <properties>

          <description>
            <caption>ツールチップ</caption>
            <help>要素のツールチップまたはヘルプテキストとして表示。</help>
          </description>

          <mapwidth>
            <caption>マップの幅</caption>
            <help>要素に関連付けられているマップの幅。</help>
          </mapwidth>
          <mapheight>
            <caption>マップの高さ</caption>
            <help>要素に関連付けられているマップの高さ。</help>
          </mapheight>
          <addresslabel>
            <caption>詳細住所</caption>
            <help></help>
          </addresslabel>
          <streetlabel>
            <caption>番地ラベル</caption>
            <help></help>
          </streetlabel>
          <citylabel>
            <caption>市町村ラベル</caption>
            <help></help>
          </citylabel>
          <statelabel>
            <caption>都道府県ラベル</caption>
            <help></help>
          </statelabel>
          <postalLabel>
            <caption>郵便番号ラベル</caption>
            <help></help>
          </postalLabel>
          <countrylabel>
            <caption>国ラベル</caption>
            <help></help>
          </countrylabel>
        </properties>
      </addresseselementblock>
    </contenttypes>
  </language>
</languages>