<?xml version="1.0" encoding="utf-8" ?>
<languages>

  <language name="norsk" id="no">

    <groups>
      <basicelements>Grunnleggende elementer</basicelements>
    </groups>

    <enums>
      <episerver>
        <forms>
          <samples>
            <criteria>
              <submissionstatus>
                <hassubmitted>Har sendt inn</hassubmitted>
                <hasnotsubmitted>Har ikke sendt inn</hasnotsubmitted>
              </submissionstatus>

              <fieldvaluecomparecondition>
                <equals>er lik</equals>
                <notequals>er ikke lik</notequals>
                <contains>inneholder</contains>
                <notcontains>inneholder ikke</notcontains>
              </fieldvaluecomparecondition>
            </criteria>
          </samples>
        </forms>
      </episerver>
    </enums>

    <episerver>
      <forms>
        <samples>
          <criteria>
            <formcriterion>
              <category>Episerver-skjemaer</category>
              <displayname>Innsendt skjema</displayname>
              <description>Undersøker om den besøkende har sendt inn skjema.</description>
              <submissionstatus>Status for innsendelse</submissionstatus>
              <selectedform>Valgt skjema</selectedform>
            </formcriterion>

            <submittedvaluecriterion>
              <category>Episerver-skjemaer</category>
              <displayname>Verdi for innsendt skjema</displayname>
              <description>Kontrollerer verdi for innsendt skjema fra den besøkende.</description>
              <selectedform>Valgt skjema</selectedform>
              <selectedfield>Valgt felt</selectedfield>
              <condition>Betingelse</condition>
              <value>Verdi</value>
            </submittedvaluecriterion>
          </criteria>

          <datetimepickertype>
            <datepicker>Datovelger</datepicker>
            <timepicker>Klokkeslettvelger</timepicker>
            <datetimepicker>Dato- og klokkeslettvelger</datetimepicker>
          </datetimepickertype>

          <confirmationdialog>
            <title>Sammendrag</title>
            <buttons>
              <ok>OK</ok>
              <cancel>Avbryt</cancel>
            </buttons>
          </confirmationdialog>

          <editview>
            <requirejs>JavaScript kreves for å vise reCAPTCHA.</requirejs>
          </editview>
          <messages>
            <imagesubmitbutton>
              <initializationmessage>Dette er en knapp med bilde. Velg et bilde til den.</initializationmessage>
            </imagesubmitbutton>
          </messages>
        </samples>
        <viewmode>
          <addresselement>
            <addresslabel>Adresse</addresslabel>
            <streetlabel>Gateadresse</streetlabel>
            <citylabel>By</citylabel>
            <statelabel>Stat</statelabel>
            <postallabel>Postnummer</postallabel>
            <countrylabel>Land</countrylabel>
          </addresselement>
        </viewmode>
        <validators>
          <episerver.forms.samples.implementation.validation.datetimevalidator>
            <displayname>Validering av dato og klokkeslett</displayname>
            <message>Oppgi gyldig dato og klokkeslett i formatet {0} tt:mm.</message>
          </episerver.forms.samples.implementation.validation.datetimevalidator>
          <episerver.forms.samples.implementation.validation.datevalidator>
            <displayname>Validering av dato</displayname>
            <message>Oppgi gyldig dato i formatet {0}.</message>
          </episerver.forms.samples.implementation.validation.datevalidator>
          <episerver.forms.samples.implementation.validation.timevalidator>
            <displayname>Validering av klokkeslett</displayname>
            <message>Oppgi et gyldig klokkeslett, for eksempel 10:20 AM.</message>
          </episerver.forms.samples.implementation.validation.timevalidator>
          <episerver.forms.samples.implementation.validation.recaptchavalidator>
            <displayname>Validering av recaptcha</displayname>
            <message>Ugyldig captcha-verdi.</message>
          </episerver.forms.samples.implementation.validation.recaptchavalidator>
          <episerver.forms.implementation.validation.datetimerangevalidator>
            <displayname>Dato- og tidsperiode</displayname>
            <message>Skriv inn gyldig dato- og tidsperiode.</message>
          </episerver.forms.implementation.validation.datetimerangevalidator>
          <episerver.forms.implementation.validation.addressvalidator>
            <displayname>Adresse</displayname>
            <message>Skriv inn en gyldig adresse.</message>
          </episerver.forms.implementation.validation.addressvalidator>
        </validators>
      </forms>
    </episerver>
    <contenttypes>
      <datetimeelementblock>
        <name>Dato og klokkeslett</name>
        <description></description>
        <newitemdefaultname>Ny dato og nytt klokkeslett</newitemdefaultname>
        <properties>

          <description>
            <caption>Verktøytips</caption>
            <help>Viser et verktøytips eller en hjelpetekst for et element.</help>
          </description>

          <pickertype>
            <caption>Velgertype</caption>
            <help>Velg velgertype for egenskapen.</help>
          </pickertype>
        </properties>
      </datetimeelementblock>
      <recaptchaelementblock>
        <name>reCAPTCHA</name>
        <description></description>
        <newitemdefaultname>Ny reCAPTCHA</newitemdefaultname>
        <properties>
          <sitekey>
            <caption>Nettstednøkkel</caption>
            <help>Angi nettstednøkkel for reCAPTCHA.</help>
          </sitekey>
          <secretkey>
            <caption>Hemmelig nøkkel</caption>
            <help>Nøkkelen som deles mellom nettstedet og reCAPTCHA.</help>
          </secretkey>
        </properties>
      </recaptchaelementblock>
      <datetimerangeelementblock>
        <name>Dato- og tidsperiode</name>
        <description></description>
        <newitemdefaultname>Ny dato- og tidsperiode</newitemdefaultname>
        <start>Start</start>
        <end>Slutt</end>
        <properties>

          <description>
            <caption>Verktøytips</caption>
            <help>Viser et verktøytips eller en hjelpetekst for et element.</help>
          </description>

          <pickertype>
            <caption>Velgertype</caption>
            <help>Velg velgertype for egenskapen.</help>
          </pickertype>
        </properties>
      </datetimerangeelementblock>
      <addresseselementblock>
        <name>Adresse</name>
        <description></description>
        <newitemdefaultname>Ny adresse</newitemdefaultname>
        <properties>

          <description>
            <caption>Verktøytips</caption>
            <help>Viser et verktøytips eller en hjelpetekst for et element.</help>
          </description>

          <mapwidth>
            <caption>Kartbredde</caption>
            <help>Bredden på kartet som er knyttet til elementet.</help>
          </mapwidth>
          <mapheight>
            <caption>Karthøyde</caption>
            <help>Høyden på kartet som er knyttet til elementet.</help>
          </mapheight>
          <addresslabel>
            <caption>Detaljadresse</caption>
            <help></help>
          </addresslabel>
          <streetlabel>
            <caption>Gateadresseetikett</caption>
            <help></help>
          </streetlabel>
          <citylabel>
            <caption>Byetikett</caption>
            <help></help>
          </citylabel>
          <statelabel>
            <caption>Statetikett</caption>
            <help></help>
          </statelabel>
          <postalLabel>
            <caption>Postnummeretikett</caption>
            <help></help>
          </postalLabel>
          <countrylabel>
            <caption>Landetikett</caption>
            <help></help>
          </countrylabel>
        </properties>
      </addresseselementblock>
    </contenttypes>
  </language>
</languages>