<?xml version="1.0" encoding="utf-8" ?>
<languages>

  <language name="español" id="es">

    <groups>
      <basicelements>Elementos básicos</basicelements>
    </groups>

    <enums>
      <episerver>
        <forms>
          <samples>
            <criteria>
              <submissionstatus>
                <hassubmitted>Se ha enviado</hassubmitted>
                <hasnotsubmitted>No se ha enviado</hasnotsubmitted>
              </submissionstatus>

              <fieldvaluecomparecondition>
                <equals>es igual a</equals>
                <notequals>no es igual a</notequals>
                <contains>contiene</contains>
                <notcontains>no contiene</notcontains>
              </fieldvaluecomparecondition>
            </criteria>
          </samples>
        </forms>
      </episerver>
    </enums>

    <episerver>
      <forms>
        <samples>
          <criteria>
            <formcriterion>
              <category>Formularios de Episerver</category>
              <displayname>Formulario enviado</displayname>
              <description>Comprueba el envío del formulario por parte del visitante.</description>
              <submissionstatus>Estado del envío</submissionstatus>
              <selectedform>Formulario seleccionado</selectedform>
            </formcriterion>

            <submittedvaluecriterion>
              <category>Formularios de Episerver</category>
              <displayname>Valor de formulario enviado</displayname>
              <description>Comprueba el valor del envío del formulario por parte del visitante.</description>
              <selectedform>Formulario seleccionado</selectedform>
              <selectedfield>Campo seleccionado</selectedfield>
              <condition>Condición</condition>
              <value>Valor</value>
            </submittedvaluecriterion>
          </criteria>

          <datetimepickertype>
            <datepicker>Selector de fecha</datepicker>
            <timepicker>Selector de hora</timepicker>
            <datetimepicker>Selector de fecha y hora</datetimepicker>
          </datetimepickertype>

          <confirmationdialog>
            <title>Resumen</title>
            <buttons>
              <ok>Aceptar</ok>
              <cancel>Cancelar</cancel>
            </buttons>
          </confirmationdialog>

          <editview>
            <requirejs>Se requiere JavaScript para mostrar el reCAPTCHA.</requirejs>
          </editview>
          <messages>
            <imagesubmitbutton>
              <initializationmessage>Este es un botón para enviar imagen. Seleccione una imagen.</initializationmessage>
            </imagesubmitbutton>
          </messages>
        </samples>
        <viewmode>
          <addresselement>
            <addresslabel>Dirección</addresslabel>
            <streetlabel>Calle</streetlabel>
            <citylabel>Ciudad</citylabel>
            <statelabel>Provincia</statelabel>
            <postallabel>Código postal</postallabel>
            <countrylabel>País</countrylabel>
          </addresselement>
        </viewmode>
        <validators>
          <episerver.forms.samples.implementation.validation.datetimevalidator>
            <displayname>Validador de fecha y hora</displayname>
            <message>Introduzca una fecha y hora válidas en formato {0} hh:mm.</message>
          </episerver.forms.samples.implementation.validation.datetimevalidator>
          <episerver.forms.samples.implementation.validation.datevalidator>
            <displayname>Validador de fecha</displayname>
            <message>Introduzca una fecha válida en formato {0}.</message>
          </episerver.forms.samples.implementation.validation.datevalidator>
          <episerver.forms.samples.implementation.validation.timevalidator>
            <displayname>Validador de hora</displayname>
            <message>Introduzca una hora válida, p. ej., 10:20 a. m.</message>
          </episerver.forms.samples.implementation.validation.timevalidator>
          <episerver.forms.samples.implementation.validation.recaptchavalidator>
            <displayname>Validador de reCAPTCHA</displayname>
            <message>Valor de captcha no válido.</message>
          </episerver.forms.samples.implementation.validation.recaptchavalidator>
          <episerver.forms.implementation.validation.datetimerangevalidator>
            <displayname>Intervalo de fecha y hora</displayname>
            <message>Introduzca un intervalo de fecha y hora válido.</message>
          </episerver.forms.implementation.validation.datetimerangevalidator>
          <episerver.forms.implementation.validation.addressvalidator>
            <displayname>Dirección</displayname>
            <message>Introduzca una dirección válida.</message>
          </episerver.forms.implementation.validation.addressvalidator>
        </validators>
      </forms>
    </episerver>
    <contenttypes>
      <datetimeelementblock>
        <name>Fecha y hora</name>
        <description></description>
        <newitemdefaultname>Nueva fecha y hora</newitemdefaultname>
        <properties>

          <description>
            <caption>Información sobre herramientas</caption>
            <help>Se muestra como información sobre herramientas o texto de ayuda de un elemento.</help>
          </description>

          <pickertype>
            <caption>Tipo de selector</caption>
            <help>Seleccione el tipo de selector para la propiedad.</help>
          </pickertype>
        </properties>
      </datetimeelementblock>
      <recaptchaelementblock>
        <name>reCAPTCHA</name>
        <description></description>
        <newitemdefaultname>Nuevo reCAPTCHA</newitemdefaultname>
        <properties>
          <sitekey>
            <caption>Clave del sitio</caption>
            <help>Introduzca la clave del sitio para el reCAPTCHA.</help>
          </sitekey>
          <secretkey>
            <caption>Clave secreta</caption>
            <help>La clave compartida entre el sitio y el reCAPTCHA.</help>
          </secretkey>
        </properties>
      </recaptchaelementblock>
      <datetimerangeelementblock>
        <name>Intervalo de fecha y hora</name>
        <description></description>
        <newitemdefaultname>Nuevo intervalo de fecha y hora</newitemdefaultname>
        <start>Iniciar</start>
        <end>Finalizar</end>
        <properties>

          <description>
            <caption>Información sobre herramientas</caption>
            <help>Se muestra como información sobre herramientas o texto de ayuda de un elemento.</help>
          </description>

          <pickertype>
            <caption>Tipo de selector</caption>
            <help>Seleccione el tipo de selector para la propiedad.</help>
          </pickertype>
        </properties>
      </datetimerangeelementblock>
      <addresseselementblock>
        <name>Dirección</name>
        <description></description>
        <newitemdefaultname>Nueva dirección</newitemdefaultname>
        <properties>

          <description>
            <caption>Información sobre herramientas</caption>
            <help>Se muestra como información sobre herramientas o texto de ayuda de un elemento.</help>
          </description>

          <mapwidth>
            <caption>Ancho del mapa</caption>
            <help>El ancho de mapa asociado al elemento.</help>
          </mapwidth>
          <mapheight>
            <caption>Alto del mapa</caption>
            <help>El alto de mapa asociado al elemento.</help>
          </mapheight>
          <addresslabel>
            <caption>Detallar dirección</caption>
            <help></help>
          </addresslabel>
          <streetlabel>
            <caption>Etiqueta de la calle</caption>
            <help></help>
          </streetlabel>
          <citylabel>
            <caption>Etiqueta de la ciudad</caption>
            <help></help>
          </citylabel>
          <statelabel>
            <caption>Etiqueta de la provincia</caption>
            <help></help>
          </statelabel>
          <postalLabel>
            <caption>Etiqueta postal</caption>
            <help></help>
          </postalLabel>
          <countrylabel>
            <caption>Etiqueta del país</caption>
            <help></help>
          </countrylabel>
        </properties>
      </addresseselementblock>
    </contenttypes>
  </language>
</languages>