<?xml version="1.0" encoding="utf-8" ?>
<languages>

  <language name="dansk" id="da">

    <groups>
      <basicelements>Grundelementer</basicelements>
    </groups>

    <enums>
      <episerver>
        <forms>
          <samples>
            <criteria>
              <submissionstatus>
                <hassubmitted>Har indsendt</hassubmitted>
                <hasnotsubmitted>Har ikke indsendt</hasnotsubmitted>
              </submissionstatus>

              <fieldvaluecomparecondition>
                <equals>er lig med</equals>
                <notequals>er ikke lig med</notequals>
                <contains>indeholder</contains>
                <notcontains>indeholder ikke</notcontains>
              </fieldvaluecomparecondition>
            </criteria>
          </samples>
        </forms>
      </episerver>
    </enums>

    <episerver>
      <forms>
        <samples>
          <criteria>
            <formcriterion>
              <category>Episerver-formularer</category>
              <displayname>Indsendt formular</displayname>
              <description>Kontroller af formularindsendelse af den besøgende.</description>
              <submissionstatus>Indsendelsesstatus</submissionstatus>
              <selectedform>Valgt formular</selectedform>
            </formcriterion>

            <submittedvaluecriterion>
              <category>Episerver-formularer</category>
              <displayname>Indsendt formularværdi</displayname>
              <description>Kontroller af formularindsendelsesværdi af den besøgende.</description>
              <selectedform>Valgt formular</selectedform>
              <selectedfield>Valgt felt</selectedfield>
              <condition>Betingelse</condition>
              <value>Værdi</value>
            </submittedvaluecriterion>
          </criteria>

          <datetimepickertype>
            <datepicker>Datovælger</datepicker>
            <timepicker>Klokkeslætsvælger</timepicker>
            <datetimepicker>Dato-klokkeslæt-vælger</datetimepicker>
          </datetimepickertype>

          <confirmationdialog>
            <title>Resumé</title>
            <buttons>
              <ok>OK</ok>
              <cancel>Annuller</cancel>
            </buttons>
          </confirmationdialog>

          <editview>
            <requirejs>JavaScript er påkrævet for at vise reCAPTCHA.</requirejs>
          </editview>
          <messages>
            <imagesubmitbutton>
              <initializationmessage>Dette er en knap til indsendelse af billeder. Vælg et billede til det.</initializationmessage>
            </imagesubmitbutton>
          </messages>
        </samples>
        <viewmode>
          <addresselement>
            <addresslabel>Adresse</addresslabel>
            <streetlabel>Gade</streetlabel>
            <citylabel>By</citylabel>
            <statelabel>Region</statelabel>
            <postallabel>Postnummer</postallabel>
            <countrylabel>Land</countrylabel>
          </addresselement>
        </viewmode>
        <validators>
          <episerver.forms.samples.implementation.validation.datetimevalidator>
            <displayname>Dato-klokkeslæt-validator</displayname>
            <message>Angiv en gyldig værdi for dato-klokkeslæt med formen {0} tt:mm.</message>
          </episerver.forms.samples.implementation.validation.datetimevalidator>
          <episerver.forms.samples.implementation.validation.datevalidator>
            <displayname>Datovalidator</displayname>
            <message>Angiv en gyldig dato med formen {0}.</message>
          </episerver.forms.samples.implementation.validation.datevalidator>
          <episerver.forms.samples.implementation.validation.timevalidator>
            <displayname>Klokkeslætsvalidator</displayname>
            <message>Angiv et gyldigt klokkeslæt, f.eks. 10:20.</message>
          </episerver.forms.samples.implementation.validation.timevalidator>
          <episerver.forms.samples.implementation.validation.recaptchavalidator>
            <displayname>Recaptcha-validator</displayname>
            <message>Ugyldig captcha-værdi.</message>
          </episerver.forms.samples.implementation.validation.recaptchavalidator>
          <episerver.forms.implementation.validation.datetimerangevalidator>
            <displayname>Dato-/tidsinterval</displayname>
            <message>Angiv et gyldigt dato-/tidsinterval.</message>
          </episerver.forms.implementation.validation.datetimerangevalidator>
          <episerver.forms.implementation.validation.addressvalidator>
            <displayname>Adresse</displayname>
            <message>Angiv en gyldig adresse.</message>
          </episerver.forms.implementation.validation.addressvalidator>
        </validators>
      </forms>
    </episerver>
    <contenttypes>
      <datetimeelementblock>
        <name>Dato-klokkeslæt</name>
        <description></description>
        <newitemdefaultname>Ny værdi for dato-klokkeslæt</newitemdefaultname>
        <properties>

          <description>
            <caption>Værktøjstip</caption>
            <help>Vises som et værktøjstip eller en hjælpetekst til et element.</help>
          </description>

          <pickertype>
            <caption>Vælgertype</caption>
            <help>Vælg vælgertype for egenskaben.</help>
          </pickertype>
        </properties>
      </datetimeelementblock>
      <recaptchaelementblock>
        <name>reCAPTCHA</name>
        <description></description>
        <newitemdefaultname>Ny reCAPTCHA</newitemdefaultname>
        <properties>
          <sitekey>
            <caption>Webstedsnøgle</caption>
            <help>Angiv webstedsnøgle til reCAPTCHA.</help>
          </sitekey>
          <secretkey>
            <caption>Hemmelig nøgle</caption>
            <help>Den delte nøgle mellem dit websted og reCAPTCHA.</help>
          </secretkey>
        </properties>
      </recaptchaelementblock>
      <datetimerangeelementblock>
        <name>Dato-/tidsinterval</name>
        <description></description>
        <newitemdefaultname>Nyt dato-/tidsinterval</newitemdefaultname>
        <start>Start</start>
        <end>Slut</end>
        <properties>

          <description>
            <caption>Værktøjstip</caption>
            <help>Vises som et værktøjstip eller en hjælpetekst til et element.</help>
          </description>

          <pickertype>
            <caption>Vælgertype</caption>
            <help>Vælg vælgertype for egenskaben.</help>
          </pickertype>
        </properties>
      </datetimerangeelementblock>
      <addresseselementblock>
        <name>Adresse</name>
        <description></description>
        <newitemdefaultname>Ny adresse</newitemdefaultname>
        <properties>

          <description>
            <caption>Værktøjstip</caption>
            <help>Vises som et værktøjstip eller en hjælpetekst til et element.</help>
          </description>

          <mapwidth>
            <caption>Kortbredde</caption>
            <help>Bredden af det kort, der er knyttet til elementet.</help>
          </mapwidth>
          <mapheight>
            <caption>Korthøjde</caption>
            <help>Højden af det kort, der er knyttet til elementet.</help>
          </mapheight>
          <addresslabel>
            <caption>Detaljeret adresse</caption>
            <help></help>
          </addresslabel>
          <streetlabel>
            <caption>Gadenavn</caption>
            <help></help>
          </streetlabel>
          <citylabel>
            <caption>Bynavn</caption>
            <help></help>
          </citylabel>
          <statelabel>
            <caption>Regionsnavn</caption>
            <help></help>
          </statelabel>
          <postalLabel>
            <caption>Postnummerværdi</caption>
            <help></help>
          </postalLabel>
          <countrylabel>
            <caption>Landenavn</caption>
            <help></help>
          </countrylabel>
        </properties>
      </addresseselementblock>
    </contenttypes>
  </language>
</languages>